Date,Open,High,Low,Close,AdjClose,Volume,Split
2024-07-01,174.5,175.99,173.51,174.07,166.67,27807688,train
2024-07-02,174.47,175.75,173.6,174.54,167.12,33359495,train
2024-07-03,174.54,176.88,174.4,176.37,168.87,29090492,train
2024-07-04,177.0,178.19,175.82,176.29,168.79,29504744,train
2024-07-05,176.2,176.2,173.4,174.71,167.28,38123217,train
2024-07-08,174.6,175.47,172.09,172.28,164.95,31479861,train
2024-07-09,173.6,173.7,171.51,171.8,164.49,25127904,train
2024-07-10,172.5,172.89,167.02,167.98,160.84,41525591,train
2024-07-11,170.0,170.95,168.67,168.92,161.74,33987236,train
2024-07-12,170.2,170.39,168.01,168.69,161.51,33311402,train
2024-07-15,168.69,168.99,165.8,166.76,159.67,32635187,train
2024-07-16,167.8,169.82,166.7,167.07,159.96,26505901,train
2024-07-18,167.61,167.61,164.44,166.36,159.28,36568852,train
2024-07-19,166.0,166.09,157.2,157.77,151.06,77987514,train
2024-07-22,158.4,160.7,156.41,160.32,153.5,40353690,train
2024-07-23,161.6,161.97,155.0,160.02,153.21,37077411,train
2024-07-24,160.02,162.02,159.19,160.31,153.49,28086566,train
2024-07-25,158.5,158.5,156.9,157.39,150.7,45155876,train
2024-07-26,158.75,162.95,158.21,162.55,155.64,45642032,train
2024-07-29,164.7,164.7,162.33,162.87,155.94,31754833,train
2024-07-30,162.9,165.3,161.31,164.07,157.09,42824600,train
2024-07-31,166.29,166.5,163.55,165.33,158.3,52769925,train
2024-08-01,168.2,168.95,160.9,163.06,156.12,118341338,train
2024-08-02,161.0,161.19,154.72,158.22,151.49,72427529,train
2024-08-05,153.66,154.0,149.0,149.82,143.45,102883971,train
2024-08-06,151.21,153.8,149.61,150.32,143.93,53507102,train
2024-08-07,153.7,154.3,151.9,153.86,147.32,32029697,train
2024-08-08,153.4,153.44,150.0,150.28,143.89,51858615,train
2024-08-09,153.0,153.0,151.25,151.81,145.35,23290101,train
2024-08-12,151.0,153.4,149.88,152.06,145.59,30550334,train
2024-08-13,152.1,152.95,148.5,148.88,142.55,29396493,train
2024-08-14,149.9,149.9,142.35,146.17,139.95,97911180,train
2024-08-16,148.0,150.0,146.46,149.52,143.16,54131721,train
2024-08-19,150.85,154.3,150.39,153.96,147.41,62889770,train
2024-08-20,155.7,155.7,152.8,153.93,147.38,37559016,train
2024-08-21,153.0,154.18,151.77,151.92,145.46,49749381,train
2024-08-22,152.51,154.35,152.51,154.14,147.58,36719176,train
2024-08-23,154.0,154.39,152.55,154.2,147.64,31490857,train
2024-08-26,154.61,156.4,153.7,155.7,149.08,32497603,train
2024-08-27,155.8,156.5,154.6,154.7,148.12,24523684,train
2024-08-28,154.7,155.0,153.05,153.7,147.16,25195197,train
2024-08-29,153.21,153.56,151.2,152.97,146.46,44452983,train
2024-08-30,153.0,155.25,152.47,152.76,146.26,55134023,train
2024-09-02,153.9,153.9,152.14,152.88,146.38,19200143,train
2024-09-03,152.84,153.45,152.01,152.15,145.68,19780066,train
2024-09-04,149.5,152.18,149.16,151.18,144.75,39613696,train
2024-09-05,151.0,152.79,151.0,151.72,145.27,28347324,train
2024-09-06,151.94,152.9,149.65,151.22,144.79,30709532,train
2024-09-09,150.9,150.9,148.05,149.47,143.11,32624586,train
2024-09-10,150.5,151.59,148.81,149.42,143.06,41607844,train
2024-09-11,149.9,150.2,147.62,148.17,141.87,24633287,train
2024-09-12,152.0,152.44,148.75,151.74,145.29,73191476,train
2024-09-13,152.78,155.4,152.5,153.49,146.96,54894255,train
2024-09-16,155.0,155.66,153.5,154.21,147.65,32575460,train
2024-09-17,154.0,154.24,152.27,152.82,146.32,18275113,train
2024-09-18,152.4,152.98,149.61,150.6,144.19,24856345,train
2024-09-19,151.89,152.19,147.79,149.54,143.18,36913781,train
2024-09-20,151.0,153.34,150.65,152.02,145.55,53873369,train
2024-09-23,154.38,154.39,152.8,153.99,147.44,33281905,train
2024-09-24,155.15,161.5,154.85,160.53,153.7,137414352,train
2024-09-25,161.5,162.69,159.52,161.66,154.78,58044967,train
2024-09-26,162.0,165.9,160.48,165.61,158.57,88661662,train
2024-09-27,167.0,169.01,165.89,166.55,159.47,72795668,train
2024-09-30,167.5,170.18,167.26,168.55,161.38,92381529,train
2024-10-01,169.49,169.49,165.1,167.03,159.93,50761579,train
2024-10-03,165.5,169.99,164.52,166.98,159.88,75959797,train
2024-10-04,167.0,169.1,164.0,166.75,159.66,53880875,train
2024-10-07,167.1,167.95,162.33,164.36,157.37,48775098,train
2024-10-08,163.0,163.59,156.7,159.52,152.73,74956764,train
2024-10-09,159.52,162.2,158.11,159.06,152.29,42766218,train
2024-10-10,158.3,161.18,156.6,159.72,152.93,46507936,train
2024-10-11,159.3,163.78,159.2,160.66,153.83,53263433,train
2024-10-14,161.88,163.38,158.04,158.32,151.59,35566857,train
2024-10-15,159.5,159.53,155.05,155.63,149.01,38964393,train
2024-10-16,155.19,156.55,154.02,155.24,148.64,28518262,train
2024-10-17,155.65,156.3,152.1,152.4,145.92,28404223,train
2024-10-18,152.4,156.2,151.1,155.39,148.78,34750795,train
2024-10-21,156.1,157.93,154.59,155.03,148.44,25799090,train
2024-10-22,154.9,154.9,150.1,150.39,143.99,39079846,train
2024-10-23,150.3,151.95,148.05,148.78,142.45,42107893,train
2024-10-24,149.49,149.83,148.01,148.98,142.64,22115070,train
2024-10-25,149.0,149.5,144.43,145.86,139.66,39730802,train
2024-10-28,146.0,149.73,144.73,149.38,143.03,28386897,train
2024-10-29,149.85,150.45,146.55,150.06,143.68,32258407,train
2024-10-30,148.1,150.95,148.1,148.97,142.63,21362130,train
2024-10-31,149.08,149.95,148.2,148.56,142.24,26383702,train
2024-11-01,149.66,150.25,149.0,149.75,143.38,5106804,train
2024-11-04,150.0,150.0,145.1,146.95,140.7,25571021,train
2024-11-05,147.0,152.55,146.95,152.29,145.81,42772283,train
2024-11-06,154.0,154.95,149.59,153.62,147.09,48928986,train
2024-11-07,156.11,156.92,150.2,150.95,144.53,88254789,train
2024-11-08,152.0,152.0,146.94,147.57,141.29,61980989,train
2024-11-11,147.57,147.69,144.1,145.01,138.84,47497863,train
2024-11-12,145.65,147.13,143.6,144.17,138.04,28861672,train
2024-11-13,143.6,143.6,138.6,139.17,133.25,57609083,train
2024-11-14,139.71,140.73,137.5,137.98,132.11,36345184,train
2024-11-18,139.49,143.25,138.0,141.21,135.2,40233848,train
2024-11-19,142.0,142.49,139.06,139.46,133.53,37611903,train
2024-11-21,139.5,141.6,137.25,140.22,134.26,58398744,train
2024-11-22,140.15,143.19,139.65,142.78,136.71,43710169,train
2024-11-25,144.94,146.15,142.84,143.67,137.56,53883890,train
2024-11-26,144.22,145.8,143.58,144.47,138.33,25608469,train
2024-11-27,144.31,144.9,142.9,144.53,138.38,24895631,train
2024-11-28,144.0,145.25,143.09,143.39,137.29,30947861,train
2024-11-29,143.9,145.49,143.05,144.54,138.39,29742979,train
2024-12-02,144.11,146.83,143.14,146.41,140.18,23840351,train
2024-12-03,146.75,148.2,146.34,146.54,140.31,35527228,train
2024-12-04,147.0,147.05,144.0,145.85,139.65,38537808,train
2024-12-05,146.5,147.88,144.8,147.07,140.81,36328245,train
2024-12-06,147.5,148.68,146.6,148.29,141.98,30604899,train
2024-12-09,148.29,150.67,146.63,149.88,143.5,39059139,train
2024-12-10,150.19,152.5,149.31,150.32,143.93,36278104,train
2024-12-11,150.59,152.11,150.06,150.6,144.19,20499709,train
2024-12-12,150.87,151.63,148.7,150.78,144.37,25761723,train
2024-12-13,150.0,150.05,145.55,148.95,142.61,39701388,train
2024-12-16,148.94,149.8,147.1,147.79,141.5,22634773,train
2024-12-17,147.79,148.5,145.33,145.68,139.48,27110781,train
2024-12-18,146.0,146.9,143.3,144.46,138.32,19850229,train
2024-12-19,141.55,143.8,141.1,143.26,137.17,27104579,train
2024-12-20,142.89,144.4,140.0,140.68,134.7,46503449,train
2024-12-23,142.45,143.8,140.61,141.71,135.68,27514178,train
2024-12-24,141.2,141.5,139.25,140.38,134.41,25882917,train
2024-12-26,140.95,141.15,139.51,140.36,134.39,23939932,train
2024-12-27,140.7,141.75,138.61,138.91,133.0,19562177,train
2024-12-30,138.91,139.25,136.09,136.88,131.06,32555723,train
2024-12-31,136.87,138.68,136.56,138.05,132.18,20080291,train
2025-01-01,138.1,138.45,136.58,136.74,130.92,18169498,train
2025-01-02,137.0,138.45,136.4,138.18,132.3,23388424,train
2025-01-03,138.18,139.73,137.84,138.36,132.47,23351832,train
2025-01-06,138.36,138.39,131.35,132.18,126.56,44620509,train
2025-01-07,132.78,133.88,132.01,133.38,127.71,24239451,train
2025-01-08,133.93,134.24,131.77,132.64,127.0,31570331,train
2025-01-09,132.0,132.4,129.7,129.93,124.4,31903107,train
2025-01-10,129.93,130.39,126.7,127.43,122.01,34855510,train
2025-01-13,126.0,126.5,122.62,122.93,117.7,38968332,train
2025-01-14,122.94,127.64,122.94,126.93,121.53,36877365,train
2025-01-15,128.0,128.31,125.78,126.53,121.15,18773125,train
2025-01-16,128.0,128.47,126.56,127.81,122.37,22164393,train
2025-01-17,127.9,131.16,127.64,130.28,124.74,27421959,train
2025-01-20,130.99,132.1,128.91,131.66,126.06,20571916,train
2025-01-21,132.06,132.4,129.25,129.7,124.18,32238213,train
2025-01-22,130.25,130.35,127.12,128.92,123.44,27505569,train
2025-01-23,127.85,130.75,127.7,130.37,124.82,20722538,train
2025-01-24,130.5,133.2,129.31,129.74,124.22,37092106,train
2025-01-27,129.02,129.45,125.74,126.37,120.99,24650571,train
2025-01-28,126.37,130.49,124.74,128.62,123.15,40373804,train
2025-01-29,129.0,131.34,128.55,130.8,125.24,16674706,train
2025-01-30,130.8,132.15,130.1,131.12,125.54,25256096,train
2025-01-31,131.12,135.0,129.93,134.62,128.89,26689228,train
2025-02-01,135.0,135.5,130.25,132.97,127.31,21173846,train
2025-02-03,131.29,132.51,127.81,131.82,126.21,27765357,train
2025-02-04,132.8,134.34,131.87,133.42,127.75,25032519,train
2025-02-05,133.15,135.39,133.08,134.4,128.68,16958362,train
2025-02-06,134.5,134.87,132.02,132.54,126.9,22408168,train
2025-02-07,133.3,138.75,132.56,138.31,132.43,52950146,train
2025-02-10,138.1,138.1,133.0,134.04,128.34,26120805,train
2025-02-11,133.0,134.34,129.7,130.11,124.58,23635428,train
2025-02-12,129.35,133.29,128.31,132.28,126.65,37927696,train
2025-02-13,132.28,137.69,131.86,136.25,130.45,52036196,train
2025-02-14,136.25,139.25,133.33,134.47,128.75,41469242,train
2025-02-17,132.91,134.8,130.73,134.29,128.58,21189637,train
2025-02-18,134.29,134.9,131.75,134.54,128.82,23957576,train
2025-02-19,134.5,136.88,133.03,135.76,129.99,18447487,train
2025-02-20,135.27,138.36,135.0,138.04,132.17,24139808,train
2025-02-21,137.91,141.6,137.15,140.76,134.77,41987785,train
2025-02-24,138.81,140.66,136.66,137.65,131.8,25193205,train
2025-02-25,138.49,139.35,136.7,137.07,131.24,23575603,train
2025-02-27,137.21,138.99,135.88,138.69,132.79,30747044,train
2025-02-28,137.8,137.8,134.06,137.2,131.36,45540594,train
2025-03-03,137.0,139.05,134.31,138.57,132.68,31154401,train
2025-03-04,136.15,140.94,135.81,139.34,133.41,28634645,train
2025-03-05,139.0,146.49,139.0,146.1,139.89,62109377,train
2025-03-06,146.79,152.2,146.2,150.44,144.04,79121467,train
2025-03-07,149.74,152.45,149.27,151.56,145.11,81821791,train
2025-03-10,151.56,154.24,150.41,151.05,144.63,54450331,train
2025-03-11,148.1,151.7,148.0,150.75,144.34,35916900,train
2025-03-12,151.0,152.28,147.7,150.3,143.91,26377549,train
2025-03-13,152.0,153.56,150.02,150.88,144.46,48286431,train
2025-03-17,151.99,152.64,150.9,151.81,145.35,35879780,train
2025-03-18,151.81,151.81,151.81,151.81,145.35,,train
2025-03-19,156.8,159.2,156.5,158.6,151.85,66161413,train
2025-03-20,160.0,160.1,156.65,159.04,152.28,39889517,train
2025-03-21,159.03,159.75,156.82,157.28,150.59,49184821,train
2025-03-24,158.0,159.0,157.11,158.42,151.68,30905773,train
2025-03-25,159.0,159.0,156.05,156.73,150.06,28467187,train
2025-03-26,156.2,157.54,155.01,155.81,149.18,23182869,train
2025-03-27,154.8,156.1,154.2,155.42,148.81,25909068,train
2025-03-28,155.38,156.91,153.37,154.24,147.68,24589315,train
2025-04-01,152.07,155.34,152.07,153.12,146.61,29142122,train
2025-04-02,154.0,156.25,152.27,154.69,148.11,24977582,train
2025-04-03,153.0,155.97,152.6,153.62,147.09,15117526,train
2025-04-04,152.62,152.99,140.0,140.39,134.42,80846143,train
2025-04-07,128.0,130.35,125.33,129.48,123.97,121806340,train
2025-04-08,134.89,136.2,128.02,130.28,124.74,68999181,train
2025-04-09,130.0,130.0,125.3,127.18,121.77,73399980,train
2025-04-11,134.67,134.7,130.49,133.42,127.75,73706472,train
2025-04-15,135.6,137.0,134.84,136.41,130.61,38967608,train
2025-04-16,136.41,137.6,134.62,136.97,131.14,42684087,train
2025-04-17,134.4,137.96,133.7,137.14,131.31,62282856,train
2025-04-21,137.65,140.3,137.05,139.18,133.26,26503486,train
2025-04-22,142.0,142.84,137.7,138.16,132.28,58429662,train
2025-04-23,139.39,141.5,137.32,141.16,135.16,37851304,train
2025-04-24,140.7,141.88,140.28,141.52,135.5,23061444,train
2025-04-25,142.0,143.45,138.02,138.85,132.94,37764696,train
2025-04-28,138.54,142.6,138.38,142.07,136.03,26971589,train
2025-04-29,142.07,143.3,140.92,141.5,135.48,25758449,train
2025-04-30,141.45,141.56,138.0,140.08,134.12,29205042,train
2025-05-02,140.0,143.1,139.45,141.4,135.39,29588258,train
2025-05-05,141.57,142.7,141.2,142.08,136.04,17213477,train
2025-05-06,142.08,145.4,141.54,144.44,138.3,42658262,train
2025-05-07,142.2,146.95,142.2,146.0,139.79,34674594,train
2025-05-08,146.0,146.66,142.85,143.67,137.56,29687927,train
2025-05-09,140.99,143.27,140.51,142.78,136.71,21875453,train
2025-05-12,145.61,151.95,144.5,151.63,145.18,47087413,train
2025-05-13,152.0,152.99,149.01,149.43,143.07,54389876,train
2025-05-14,151.0,157.15,151.0,155.31,148.7,60002060,train
2025-05-15,155.5,157.84,154.3,157.35,150.66,57066105,train
2025-05-16,157.35,158.15,157.0,157.55,150.85,22884754,train
2025-05-19,158.0,158.14,156.13,157.57,150.87,21839582,train
2025-05-20,158.35,162.1,158.0,158.69,151.94,58061639,train
2025-05-21,159.45,161.85,158.53,161.64,154.76,36044599,train
2025-05-22,160.98,163.6,160.36,161.29,154.43,60715453,train
2025-05-23,161.6,163.53,161.5,162.97,156.04,29483665,train
2025-05-26,163.1,165.55,162.05,162.51,155.6,25581584,train
2025-05-27,162.51,163.9,160.62,161.66,154.78,23296776,train
2025-05-28,162.4,162.69,160.65,161.24,154.38,13044476,train
2025-05-29,162.19,163.95,161.5,163.12,156.18,26455081,train
2025-05-30,163.11,163.89,160.51,161.02,154.17,32739340,train
2025-06-02,159.0,160.12,157.3,159.04,152.28,31365564,train
2025-06-03,159.04,160.65,157.17,157.35,150.66,28398746,train
2025-06-04,157.5,158.98,156.81,158.18,151.45,16660138,train
2025-06-05,158.86,159.09,157.05,157.97,151.25,23708504,train
2025-06-06,155.7,157.88,154.25,157.49,154.31,25804151,train
2025-06-09,157.69,158.2,156.82,157.32,154.14,15315437,train
2025-06-10,158.0,159.3,155.5,155.68,152.53,22764080,train
2025-06-11,156.45,157.53,155.31,156.41,153.25,17605668,train
2025-06-12,156.0,156.26,151.85,152.89,149.8,27846151,train
2025-06-13,149.8,152.5,149.8,152.13,149.06,24277592,train
2025-06-16,152.01,154.5,150.84,154.17,151.05,16188193,train
2025-06-17,153.81,154.89,152.35,152.6,149.52,16740382,train
2025-06-18,152.2,153.2,150.8,152.11,149.04,14860746,train
2025-06-19,152.0,152.45,150.5,151.0,147.95,20145922,train
2025-06-20,150.75,153.17,150.63,151.97,148.9,29944714,train
2025-06-23,150.5,153.3,150.48,152.43,149.35,17096676,train
2025-06-24,153.8,156.97,153.64,154.79,151.66,25403324,train
2025-06-25,155.9,156.9,155.51,156.39,153.23,18240433,train
2025-06-26,156.87,161.1,156.45,160.54,157.3,40650557,train
2025-06-27,161.0,163.3,160.7,161.45,158.19,31989509,train
2025-06-30,160.99,162.2,159.5,159.76,156.53,15842285,train
2025-07-01,160.01,160.44,157.73,160.06,156.83,17823415,train
2025-07-02,160.06,166.15,159.83,165.88,162.53,63315210,train
2025-07-03,166.0,168.78,165.21,165.91,162.56,60571824,train
2025-07-04,165.91,166.49,162.0,163.01,159.72,22938753,train
2025-07-07,163.0,163.35,160.05,162.4,159.12,17469909,train
2025-07-08,162.45,162.9,161.6,161.97,158.7,11398248,train
2025-07-09,161.95,161.95,157.51,159.0,155.79,29839077,train
2025-07-10,160.0,161.55,159.28,160.66,157.41,17566887,train
2025-07-11,160.64,161.62,159.32,159.84,156.61,20689511,train
2025-07-14,159.84,161.12,159.3,160.44,157.2,15152964,train
2025-07-15,160.26,160.85,157.95,159.0,155.79,17993051,train
2025-07-16,159.0,159.27,157.0,157.33,154.15,14591157,train
2025-07-17,157.5,160.7,157.12,159.9,156.67,21733241,train
2025-07-18,160.1,162.75,160.1,162.37,159.09,30728478,train
2025-07-21,162.5,165.6,162.49,163.02,159.73,29812899,train
2025-07-22,163.3,164.41,162.73,163.04,159.75,13615524,train
2025-07-23,163.25,164.14,161.88,162.77,159.48,14287149,train
2025-07-24,163.0,164.75,162.81,163.48,160.18,14377270,train
2025-07-25,163.5,163.59,161.05,161.43,158.17,12443495,train
2025-07-28,161.23,162.29,159.09,159.68,156.45,19296285,train
2025-07-29,158.2,162.45,158.2,161.69,158.42,15262937,train
2025-07-30,161.69,162.79,161.05,161.36,158.1,16083106,train
2025-07-31,161.0,162.13,156.56,157.94,154.75,26213891,train
2025-08-01,157.93,157.93,152.51,153.01,149.92,23927359,train
2025-08-04,153.5,159.92,153.5,159.56,156.34,30064719,train
2025-08-05,159.56,160.14,158.28,159.62,156.39,14441034,train
2025-08-06,159.62,159.8,157.8,158.66,155.45,13438851,train
2025-08-07,157.15,160.0,156.26,159.67,156.44,23159540,train
2025-08-08,159.5,159.95,157.01,157.95,154.76,11951173,train
2025-08-11,157.95,160.0,157.15,158.52,155.32,14325736,train
2025-08-12,158.52,161.65,158.5,160.16,156.92,20056598,train
2025-08-13,160.96,162.4,159.9,160.18,156.94,18079396,train
2025-08-14,160.02,160.6,154.83,155.3,152.16,47256126,train
2025-08-18,158.0,159.0,156.0,157.96,154.77,61022494,train
2025-08-19,158.5,159.46,156.76,159.23,156.01,21224239,train
2025-08-20,158.2,162.76,158.03,161.92,158.65,28520245,train
2025-08-21,161.92,162.54,161.19,161.51,158.25,17282594,train
2025-08-22,161.25,161.28,158.1,158.55,155.35,16063984,train
2025-08-25,159.2,160.33,158.64,159.63,156.4,16376542,train
2025-08-26,159.16,159.16,154.64,155.03,151.9,19621100,train
2025-08-28,155.78,155.87,153.16,153.63,150.53,22269875,train
2025-08-29,154.5,155.1,153.05,154.48,151.36,16971859,train
2025-09-01,154.48,156.36,153.7,156.17,153.01,10798622,train
2025-09-02,156.17,159.07,155.5,158.39,155.19,21202113,train
2025-09-03,158.4,168.0,158.4,167.85,164.46,82352014,train
2025-09-04,169.0,169.3,166.62,166.81,163.44,26316842,train
2025-09-05,167.0,168.0,165.94,167.68,164.29,16798170,train
2025-09-08,170.0,172.5,168.46,168.82,165.41,36402317,train
2025-09-09,169.3,169.72,167.99,169.15,165.73,14028910,train
2025-09-10,169.19,170.73,168.75,169.43,166.01,13128306,train
2025-09-11,169.35,170.9,168.46,169.41,165.99,13829526,train
2025-09-12,169.6,171.0,168.63,169.78,166.35,12119036,train
2025-09-15,169.77,170.2,168.63,169.23,165.81,10611401,train
2025-09-16,169.39,172.27,169.02,172.02,168.54,26629438,train
2025-09-17,172.5,172.9,169.35,171.36,167.9,21381306,train
2025-09-18,171.46,172.2,169.81,172.03,168.55,16413388,train
2025-09-19,172.1,172.67,170.6,171.48,168.02,25406461,train
2025-09-22,170.8,172.21,170.51,171.39,167.93,20970704,train
2025-09-23,171.45,173.81,171.2,173.29,169.79,24533561,train
2025-09-24,173.16,174.44,172.38,172.66,169.17,20168891,train
2025-09-25,172.9,173.85,171.86,172.38,168.9,17026549,train
2025-09-26,172.22,173.37,167.2,167.4,164.02,20157657,train
2025-09-29,167.6,170.28,167.56,168.98,165.57,16832342,train
2025-09-30,169.5,170.15,168.41,168.77,165.36,24553596,train
2025-10-01,169.0,169.74,166.13,167.51,164.13,17542776,train
2025-10-03,168.12,174.74,168.12,173.21,169.71,55172705,train
2025-10-06,173.3,173.48,169.3,170.06,166.62,21474004,train
2025-10-07,170.4,172.2,170.4,171.43,167.97,19189843,train
2025-10-08,172.0,173.63,170.06,171.94,168.47,22662699,train
2025-10-09,172.79,177.82,172.78,176.42,172.86,68504717,train
2025-10-10,176.0,176.14,172.9,173.86,170.35,18085975,train
2025-10-13,173.0,173.8,170.91,173.03,169.53,19386219,train
2025-10-14,174.91,176.45,169.25,170.51,167.06,22082970,train
2025-10-15,170.83,174.0,170.11,173.24,169.74,15031989,train
2025-10-16,173.0,174.49,172.22,174.0,170.48,12205250,train
2025-10-17,173.6,174.31,170.99,172.22,168.74,21659007,train
2025-10-20,173.3,173.3,170.82,171.95,168.48,18049579,train
2025-10-21,172.4,173.25,172.1,172.78,169.29,2471987,train
2025-10-23,173.9,176.08,173.64,174.16,170.64,31472510,train
2025-10-24,174.6,177.35,173.72,174.44,170.92,25226376,train
2025-10-27,175.89,177.9,175.53,176.66,173.09,23832477,train
2025-10-28,177.35,182.06,177.02,181.81,178.14,59511794,train
2025-10-29,183.67,186.94,182.05,185.19,181.45,51610530,train
2025-10-30,184.4,185.19,182.64,184.35,180.63,24270977,train
2025-10-31,184.0,184.3,182.12,182.84,179.15,16041321,train
2025-11-03,182.4,184.1,181.8,182.67,178.98,16652212,train
2025-11-04,183.0,183.09,178.9,179.29,175.67,18746387,train
2025-11-06,179.29,180.67,176.52,177.27,173.69,23664538,train
2025-11-07,177.0,182.25,175.01,181.37,177.71,19165876,train
2025-11-10,182.03,182.51,180.2,181.48,177.81,18376132,train
2025-11-11,182.9,182.9,179.02,181.04,177.38,14109340,train
2025-11-12,181.44,182.15,178.0,178.61,175.0,19037263,train
2025-11-13,184.0,184.0,175.1,176.65,173.08,82083661,train
2025-11-14,177.52,177.7,172.12,174.26,170.74,38345500,train
2025-11-17,175.13,175.25,172.62,173.17,169.67,28204282,train
2025-11-18,172.4,173.12,170.55,172.45,168.97,34278387,train
2025-11-19,172.45,173.9,172.06,173.21,169.71,19621610,train
2025-11-20,174.1,174.36,172.26,172.46,168.98,15968891,train
2025-11-21,171.8,171.9,167.7,168.0,164.61,28412865,train
2025-11-24,168.0,168.38,165.18,165.36,162.02,31202769,train
2025-11-25,166.0,167.27,165.08,166.33,162.97,19983310,train
2025-11-26,167.0,169.95,166.9,169.67,166.24,15044796,train
2025-11-27,170.45,171.0,167.18,168.13,164.73,17546627,train
2025-11-28,168.13,169.0,167.29,167.96,164.57,11975539,train
2025-12-01,169.0,169.65,167.7,168.63,165.22,11758473,train
2025-12-02,168.43,168.85,167.0,167.78,164.39,15355023,train
2025-12-03,167.78,167.99,165.0,166.92,163.55,18873943,train
2025-12-04,167.8,167.97,166.2,166.77,163.4,11419966,train
2025-12-05,167.0,167.65,165.0,167.11,163.73,33500436,train
2025-12-08,167.09,168.2,163.0,163.47,160.17,15772400,train
2025-12-09,163.39,163.39,160.06,160.67,157.42,25766371,train
2025-12-10,161.0,163.68,160.81,162.23,158.95,22537548,train
2025-12-11,163.5,166.66,163.17,166.38,163.02,32603566,train
2025-12-12,167.6,172.5,167.4,171.89,168.42,41130927,train
2025-12-15,170.95,173.17,170.5,172.87,169.38,23254201,train
2025-12-16,172.7,172.7,169.25,169.83,166.4,22981935,train
2025-12-17,170.09,171.3,169.66,170.34,166.9,11624504,train
2025-12-18,169.92,170.45,167.56,168.12,164.72,13152378,train
2025-12-19,169.15,169.62,167.83,168.69,165.28,28448892,train
2025-12-22,169.04,171.46,169.0,169.22,165.8,23729300,train
2025-12-23,169.35,171.35,169.25,170.9,167.45,17348078,train
2025-12-24,171.35,171.65,169.67,170.07,166.63,17430406,train
2025-12-26,169.89,169.9,167.82,169.12,165.7,16904834,train
2025-12-29,169.51,174.13,169.29,172.3,168.82,48001907,train
2025-12-30,172.78,176.35,170.8,175.8,172.25,33741158,train
2025-12-31,180.0,181.4,178.5,180.08,176.44,50897201,train
2026-01-01,180.6,182.2,180.2,181.89,178.21,21507757,test
2026-01-02,182.0,183.85,181.6,182.88,179.18,23006840,test
2026-01-05,182.88,186.89,182.87,185.72,181.97,30646009,test
2026-01-06,186.0,187.85,184.47,186.2,182.44,28514282,test
2026-01-07,186.2,186.65,182.9,183.8,180.09,18231588,test
2026-01-08,185.45,185.87,179.55,180.12,176.48,38454951,test
2026-01-09,179.05,181.5,177.33,178.4,174.8,25318701,test
2026-01-12,178.4,183.65,177.64,183.24,179.54,25782267,test
2026-01-13,183.5,184.39,181.1,182.57,178.88,19155081,test
2026-01-14,182.57,190.65,181.66,189.25,185.43,55907778,test
2026-01-15,189.25,189.25,189.25,189.25,185.43,,test
2026-01-16,190.05,191.0,187.31,188.21,184.41,26028519,test
2026-01-19,187.1,189.44,186.8,188.27,184.47,19709364,test
2026-01-20,188.27,190.0,183.03,183.56,179.85,20094927,test
2026-01-21,183.56,185.71,180.88,184.41,180.68,35037961,test
2026-01-22,185.89,189.99,185.79,189.1,185.28,35681682,test
2026-01-23,190.5,192.4,187.27,187.61,183.82,28492706,test
2026-01-27,189.67,193.14,187.72,192.28,188.39,42314287,test
2026-01-28,193.49,195.2,192.1,193.85,189.93,33310718,test
2026-01-29,194.45,202.99,194.11,202.32,198.23,60610904,test
2026-01-30,198.55,199.0,190.63,193.13,189.23,52262849,test
2026-02-02,185.38,189.0,182.55,188.51,184.7,25601945,test
2026-02-03,193.58,199.0,191.51,192.93,189.03,28467895,test
2026-02-04,193.99,196.14,193.45,195.4,191.45,13859145,test
2026-02-05,193.0,198.41,191.52,197.76,193.76,31293689,test
2026-02-06,197.6,197.6,194.37,197.06,193.08,18446912,test
2026-02-09,202.0,206.34,197.55,202.0,197.92,68967709,test
2026-02-10,202.99,211.1,201.08,208.01,203.81,82443790,test
2026-02-11,209.4,210.25,205.3,207.59,203.4,40897457,test
2026-02-12,208.0,210.39,206.2,208.11,203.9,24109860,test
2026-02-13,206.59,206.85,202.56,203.18,199.07,25870923,test
2026-02-16,201.0,206.12,200.55,205.81,201.65,17932490,test
2026-02-17,205.5,205.8,201.66,203.08,198.98,18506676,test
2026-02-18,203.55,209.7,203.55,209.03,204.81,48357001,test
2026-02-19,211.0,211.39,204.25,205.41,201.26,27749813,test
2026-02-20,206.41,209.3,204.73,208.36,204.15,26605844,test
2026-02-23,210.0,210.1,205.5,208.14,203.93,23377191,test
2026-02-24,207.21,209.54,206.75,209.13,204.9,23413086,test
2026-02-25,210.1,216.45,209.4,214.64,210.3,48873839,test
2026-02-26,215.95,215.95,213.01,215.52,211.17,25522669,test
2026-02-27,215.5,215.9,211.66,212.33,208.04,25598534,test
2026-03-02,205.0,214.34,204.5,211.01,206.75,30523310,test
2026-03-04,207.0,207.0,194.43,196.73,192.75,72096617,test
2026-03-05,198.5,203.04,197.63,200.57,196.52,41033397,test
2026-03-06,199.5,202.2,197.1,198.46,194.45,28551376,test
2026-03-09,193.45,193.7,187.03,191.01,187.15,43019965,test
2026-03-10,194.01,196.64,192.0,195.0,191.06,25783308,test
2026-03-11,197.14,198.88,194.0,194.74,190.81,34207226,test
2026-03-12,193.99,194.66,190.1,193.47,189.56,24413736,test
2026-03-13,191.95,192.5,182.26,183.51,179.8,42683952,test
2026-03-16,183.0,187.65,181.25,186.94,183.16,44789516,test
2026-03-17,187.8,196.31,186.85,195.43,191.48,45672442,test
2026-03-18,196.4,196.43,193.17,195.41,191.46,26353743,test
2026-03-19,190.8,194.22,189.37,190.51,186.66,24146344,test
2026-03-20,193.4,199.44,193.34,196.77,192.79,46881257,test
2026-03-23,193.0,193.95,186.51,187.17,183.39,44393392,test
2026-03-24,192.0,192.19,187.78,190.79,186.93,34321983,test
2026-03-25,193.03,197.15,192.32,196.65,192.68,34767360,test
2026-03-27,194.32,195.5,192.64,193.22,189.32,36938046,test
2026-03-30,192.0,194.42,188.3,191.86,187.98,45914996,test
2026-04-01,200.0,200.2,194.0,194.6,190.67,35813622,test
2026-04-02,192.91,194.85,187.95,194.14,190.22,27633959,test
2026-04-06,193.02,196.65,190.25,196.1,192.14,28115748,test
2026-04-07,195.6,198.42,193.28,198.13,194.13,32090982,test
2026-04-08,202.01,206.4,202.0,204.18,200.05,37018381,test
2026-04-09,204.51,208.19,204.06,205.2,201.05,36853400,test
2026-04-10,207.98,209.0,204.8,206.61,202.44,28385501,test
2026-04-13,203.7,207.0,201.5,206.39,202.22,25848544,test
2026-04-15,209.0,211.15,207.6,208.72,204.5,30858355,test
2026-04-16,209.75,212.92,209.01,210.69,206.43,26751249,test
2026-04-17,210.69,212.46,208.5,212.12,207.83,22837792,test
2026-04-20,212.0,213.4,209.8,211.72,207.44,24992602,test
2026-04-21,211.72,214.49,211.08,212.01,207.73,17427021,test
2026-04-22,211.0,213.78,210.51,213.03,208.73,20795714,test
2026-04-23,213.04,213.1,210.16,210.91,206.65,19304122,test
2026-04-24,211.0,212.0,208.6,210.07,205.83,22379072,test
2026-04-27,211.0,215.0,210.93,213.27,208.96,33068230,test
2026-04-28,213.2,218.24,212.2,215.05,210.7,34950491,test
2026-04-29,216.1,217.0,211.36,215.88,211.52,32800573,test
2026-04-30,215.78,215.78,210.0,211.36,207.09,24894783,test
2026-05-01,211.36,211.36,211.36,211.36,207.09,,test
2026-05-04,212.55,214.5,211.4,212.24,207.95,23140911,test
2026-05-05,212.2,212.34,209.45,211.32,207.05,20733709,test
2026-05-06,214.0,216.73,212.42,215.47,211.12,24082651,test
2026-05-07,216.7,219.2,215.75,217.09,212.7,21243369,test
2026-05-08,217.0,217.4,214.25,214.49,210.16,17760366,test
2026-05-11,213.5,215.0,211.52,212.08,207.79,16301350,test
2026-05-12,212.0,216.33,211.5,212.0,207.72,28371348,test
2026-05-13,213.24,220.91,213.07,219.62,215.18,46231533,test
2026-05-14,222.3,222.9,219.02,221.13,216.66,34985006,test
2026-05-15,223.0,224.4,216.0,216.84,212.46,33231023,test
2026-05-18,211.0,211.82,205.05,209.71,205.47,73796001,test
2026-05-19,210.59,212.33,208.9,209.29,205.06,32573663,test
2026-05-20,207.5,207.5,203.04,207.01,202.83,56670462,test
2026-05-21,209.75,210.07,207.66,208.58,204.37,24385712,test
2026-05-22,209.6,210.88,208.26,209.19,204.96,22023114,test
2026-05-25,211.3,211.75,209.44,210.22,205.97,23090495,test
2026-05-26,209.9,211.14,209.51,210.47,206.22,17801824,test
2026-05-27,210.7,218.96,210.7,214.7,210.36,39110042,test
2026-05-28,214.7,214.7,214.7,214.7,210.36,,test
2026-05-29,215.69,215.7,206.7,208.02,203.82,67467374,test
2026-06-01,210.0,211.4,206.5,210.57,206.32,23733470,test
2026-06-02,209.01,213.46,208.57,210.6,206.34,29358964,test
2026-06-03,210.71,212.49,207.6,211.89,207.61,23198930,test
2026-06-04,210.42,212.24,209.31,210.57,206.32,18939468,test
2026-06-05,209.4,210.5,203.9,206.77,202.59,35802398,test
2026-06-08,203.44,205.21,201.6,202.72,198.62,31036948,test
2026-06-09,203.0,204.0,200.34,203.18,199.07,42111455,test
2026-06-10,203.0,203.4,198.0,199.31,195.28,34008938,test
2026-06-11,197.44,199.35,196.05,197.96,193.96,38292223,test
2026-06-12,200.0,200.82,195.8,197.86,197.86,27622963,test
2026-06-15,199.96,200.95,196.82,197.28,197.28,27071539,test
2026-06-16,197.51,197.6,193.31,196.0,196.0,29255187,test
2026-06-17,196.79,199.5,195.6,199.01,199.01,22491220,test
2026-06-18,199.01,200.7,198.15,200.52,200.52,22111931,test
2026-06-19,199.25,199.36,196.5,198.96,198.96,31571461,test
2026-06-22,199.3,200.66,198.7,198.97,198.97,19238506,test
2026-06-23,197.75,197.98,192.73,193.56,193.56,34634510,test
2026-06-24,192.8,193.38,189.59,190.16,190.16,51305789,test
2026-06-25,190.0,190.86,187.61,188.71,188.71,34151735,test
2026-06-26,188.71,188.71,188.71,188.71,188.71,,test
2026-06-29,188.73,191.27,188.6,189.57,189.57,62549132,test
2026-06-30,189.5,190.4,187.05,188.06,188.06,33681566,test
